date,forecast_sales
2026-08-01,25240.841690495803
2026-08-02,32238.08010750351
2026-08-03,61907.461343713905
2026-08-04,65328.429276244606
2026-08-05,55720.64788217265
2026-08-06,75109.36541476473
2026-08-07,59729.7043784889
2026-08-08,34609.87469062874
2026-08-09,35522.819960078705
2026-08-10,61024.26626837167
2026-08-11,67023.52448580999
2026-08-12,61303.08311516881
2026-08-13,59741.56566785085
2026-08-14,65382.916870477864
2026-08-15,40229.239769974614
2026-08-16,34134.60076979525
2026-08-17,54323.68808909512
2026-08-18,60810.79262479482
2026-08-19,58966.37438425298
2026-08-20,54093.408763862244
2026-08-21,57397.37329139836
2026-08-22,37952.12828582471
2026-08-23,32965.49176359693
2026-08-24,51868.253810165785
2026-08-25,57181.11753697551
2026-08-26,56646.0575996395
2026-08-27,53181.920100829
2026-08-28,54017.94631893033
2026-08-29,36153.15741326527
2026-08-30,30724.834194056584
2026-08-31,76220.11482880422
2026-09-01,39281.19977362995
2026-09-02,61574.22812739324
2026-09-03,60411.38562109894
2026-09-04,58330.53789980663
2026-09-05,36860.45324261202
2026-09-06,33179.79428668145
2026-09-07,60544.540826826546
2026-09-08,53981.94751785693
2026-09-09,58807.53957134913
2026-09-10,56023.49576497587
2026-09-11,53712.10446211703
2026-09-12,34223.724979066836
2026-09-13,31452.65691985796
2026-09-14,50522.969765601454
2026-09-15,54581.63311346696
2026-09-16,51872.04436823071
2026-09-17,49318.33692604915
2026-09-18,48431.85369917697
2026-09-19,31710.959843066335
2026-09-20,29522.90350471701
2026-09-21,46461.2409365786
2026-09-22,51079.932632090684
2026-09-23,48801.58391421057
2026-09-24,46281.26667167257
2026-09-25,45511.21227355992
2026-09-26,29869.746139323004
2026-09-27,27886.76126083137
2026-09-28,43822.56293603979
2026-09-29,47593.393281620476
2026-09-30,71553.54823692415
2026-10-01,37413.34333223643
2026-10-02,59655.318106323655
2026-10-03,39402.1501901603
2026-10-04,36549.14723122184
2026-10-05,56984.83964271766
2026-10-06,60505.52251482776
2026-10-07,64921.4359984348
2026-10-08,50964.372019394614
2026-10-09,56740.23709372708
2026-10-10,37027.32816603004
2026-10-11,33825.61199680197
2026-10-12,51828.581751315935
2026-10-13,55066.10225640236
2026-10-14,53765.891798014396
2026-10-15,50630.38727048389
2026-10-16,49352.45836688128
2026-10-17,32863.61554466787
2026-10-18,30681.744706885016
2026-10-19,48274.380282070444
2026-10-20,52573.62963831323
2026-10-21,51300.18365017078
2026-10-22,49547.10544239278
2026-10-23,48239.00304150432
2026-10-24,32083.225103941662
2026-10-25,30518.286178266582
2026-10-26,49040.291587348474
2026-10-27,53197.540786012774
2026-10-28,51214.365729376535
2026-10-29,48721.648125759115
2026-10-30,47478.27113360436
2026-10-31,47881.90064347464
2026-11-01,22583.991790286444
2026-11-02,54549.13011756448
2026-11-03,61018.231040779276
2026-11-04,57373.2236756734
2026-11-05,51295.29924440115
2026-11-06,49130.53638163033
2026-11-07,35876.27921377266
2026-11-08,27451.81741039991
2026-11-09,49978.56065655728
2026-11-10,55121.25162667621
2026-11-11,52548.01118813812
2026-11-12,47916.968434474984
2026-11-13,46175.11383297642
2026-11-14,30785.109564478083
2026-11-15,28293.896685480853
2026-11-16,45786.135243610384
2026-11-17,50305.377819023364
2026-11-18,49071.06103098385
2026-11-19,46162.47887721698
2026-11-20,44897.88213654059
2026-11-21,29421.151233446762
2026-11-22,27796.452416025433
2026-11-23,44099.70132411513
2026-11-24,47958.0592224614
2026-11-25,46553.05600301352
2026-11-26,43856.83395918155
2026-11-27,42592.20861049136
2026-11-28,27740.46497534492
2026-11-29,26022.513412056163
2026-11-30,63940.03845204447
2026-12-01,31638.72838452713
2026-12-02,49118.6183559525
2026-12-03,48294.846954528104
2026-12-04,45952.8976693834
2026-12-05,28418.966940924664
2026-12-06,26576.343268433015
2026-12-07,48124.2306225637
2026-12-08,42466.841039938474
2026-12-09,46231.75165413236
2026-12-10,44211.843110654205
2026-12-11,42324.69257056331
2026-12-12,26664.754241339197
2026-12-13,24734.853645067982
2026-12-14,40135.53266241192
2026-12-15,43551.57142734908
2026-12-16,41244.81833451145
2026-12-17,39049.83376263596
2026-12-18,38242.919557283705
2026-12-19,24867.053977053474
2026-12-20,23096.51651882628
2026-12-21,36557.770633342385
2026-12-22,40298.46879848082
2026-12-23,38351.506104126354
2026-12-24,36130.27097471901
2026-12-25,35381.547460923604
2026-12-26,23146.42375511919
2026-12-27,21514.371701789303
2026-12-28,33842.329727126096
2026-12-29,36855.56567880862
2026-12-30,35339.35076620302
2026-12-31,50700.166740144065
2027-01-01,5638.527667728245
2027-01-02,4793.567784004397
2027-01-03,5056.257577891678
2027-01-04,59194.013683269346
2027-01-05,61964.07135766781
2027-01-06,45814.545419705726
2027-01-07,41188.579174298626
2027-01-08,22044.04550957344
2027-01-09,16782.92913736142
2027-01-10,19699.003817999324
2027-01-11,69060.28870183176
2027-01-12,70429.624621042
2027-01-13,55240.64711090655
2027-01-14,46758.696148460775
2027-01-15,41540.73913870322
2027-01-16,25444.031794862294
2027-01-17,24186.23378657784
2027-01-18,43739.89984931085
2027-01-19,49695.34820118026
2027-01-20,47836.4257775715
2027-01-21,43787.69700196441
2027-01-22,42126.921175522606
2027-01-23,25839.31421752203
2027-01-24,23760.30652722648
2027-01-25,38363.60638483902
2027-01-26,45081.80425143658
2027-01-27,46402.968762244
2027-01-28,44407.83582374899
2027-01-29,43492.80505538836
2027-01-30,27865.03175856438
2027-01-31,41609.392329581766
2027-02-01,36427.90288129644
2027-02-02,68290.36552973124
2027-02-03,66400.57576857554
2027-02-04,58370.90906479784
2027-02-05,53195.036796049855
2027-02-06,34506.84298231405
2027-02-07,38763.372251844805
2027-02-08,53100.0910560404
2027-02-09,66716.758926926
2027-02-10,63703.81108221681
2027-02-11,56028.25015534648
2027-02-12,51277.39764181006
2027-02-13,33087.83568221088
2027-02-14,32426.933460895674
2027-02-15,50941.33462682983
2027-02-16,55688.712529167664
2027-02-17,55364.9282921125
2027-02-18,52898.91818874407
2027-02-19,51425.227849933566
2027-02-20,33672.59817924557
2027-02-21,32409.068403774014
2027-02-22,52995.67848758749
2027-02-23,57684.32174913882
2027-02-24,56820.208786329
2027-02-25,54904.65258394147
2027-02-26,54170.91024968944
2027-02-27,35445.53623561311
2027-02-28,53235.11582847542
2027-03-01,42658.393618324495
2027-03-02,73214.12611280828
2027-03-03,71998.39898070856
2027-03-04,66980.22720894696
2027-03-05,61752.07254276647
2027-03-06,39476.44103634879
2027-03-07,43055.9348206349
2027-03-08,55750.93359865418
2027-03-09,68013.08935625429
2027-03-10,66279.58200461733
2027-03-11,61920.44316863659
2027-03-12,58210.156172942785
2027-03-13,37406.06611204775
2027-03-14,36208.76317945922
2027-03-15,56277.03825376649
2027-03-16,60847.94057317921
2027-03-17,59997.78096116519
2027-03-18,57849.89372647229
2027-03-19,56915.9489127995
2027-03-20,37290.0000288411
2027-03-21,35562.22708357608
2027-03-22,57548.70324340383
2027-03-23,61771.16702923019
2027-03-24,59917.178748310565
2027-03-25,57217.47456942256
2027-03-26,56422.93749364995
2027-03-27,36962.69628001246
2027-03-28,34990.67652291062
2027-03-29,56250.10300643965
2027-03-30,60055.5720476683
2027-03-31,89303.02552944263
2027-04-01,48654.18588429472
2027-04-02,75853.8226972551
2027-04-03,49865.84578489929
2027-04-04,46717.91142619282
2027-04-05,74286.65915437473
2027-04-06,78718.19507709293
2027-04-07,84052.92712031605
2027-04-08,67505.1215004291
2027-04-09,74601.41994943068
2027-04-10,48794.281356026164
2027-04-11,45205.40915395755
2027-04-12,70699.12737588352
2027-04-13,75432.75068239892
2027-04-14,73433.01233232807
2027-04-15,69493.88614427834
2027-04-16,68245.27209916722
2027-04-17,45560.08802268231
2027-04-18,43054.77828191433
2027-04-19,68740.68798296577
2027-04-20,74943.67801045274
2027-04-21,72746.58586533602
2027-04-22,70143.41844255358
2027-04-23,68702.93177019643
2027-04-24,45812.76370523202
2027-04-25,43924.56571753102
2027-04-26,71244.34530018122
2027-04-27,77342.5116453477
2027-04-28,74221.55538236743
2027-04-29,70615.87421805861
2027-04-30,108392.32465155034
2027-05-01,32521.58106199479
2027-05-02,48254.93573476693
2027-05-03,82192.97701559495
2027-05-04,87969.13842570235
2027-05-05,80270.06068706061
2027-05-06,74304.24628061772
2027-05-07,82174.9398029508
2027-05-08,43480.2734191931
2027-05-09,48319.66517188161
2027-05-10,79391.52341684196
2027-05-11,84897.5623618433
2027-05-12,79002.53590045747
2027-05-13,73339.75536500117
2027-05-14,73413.07695236546
2027-05-15,48069.270842285376
2027-05-16,46673.22638400831
2027-05-17,75045.36119584485
2027-05-18,81600.40942515942
2027-05-19,78382.93231816693
2027-05-20,73509.26697265472
2027-05-21,72046.94918852119
2027-05-22,47934.07038228638
2027-05-23,45252.56785956807
2027-05-24,72372.3457908316
2027-05-25,78860.03140638897
2027-05-26,76232.85808616014
2027-05-27,71571.84157152832
2027-05-28,69707.55482538516
2027-05-29,45875.05087257229
2027-05-30,42887.58429580645
2027-05-31,104521.91131371353
2027-06-01,53257.64907763182
2027-06-02,82537.40592124789
2027-06-03,81091.98746970369
2027-06-04,77604.93933222478
2027-06-05,48559.648627091396
2027-06-06,45707.42703957458
2027-06-07,82952.55019399131
2027-06-08,73899.39556299319
2027-06-09,80254.1657961766
2027-06-10,76645.38492989482
2027-06-11,73633.46376387354
2027-06-12,46737.28160124653
2027-06-13,43718.321249799425
2027-06-14,71284.04839681406
2027-06-15,77204.14546907204
2027-06-16,72950.34290860017
2027-06-17,69007.8653751055
2027-06-18,67693.9832029156
2027-06-19,44203.89008652283
2027-06-20,41362.89564651544
2027-06-21,65856.94726903498
2027-06-22,72570.29706677036
2027-06-23,69029.2775275771
2027-06-24,65120.26958250107
2027-06-25,63931.11015676212
2027-06-26,41971.59175428063
2027-06-27,39322.969081729374
2027-06-28,62346.20902883386
2027-06-29,67974.03296534062
2027-06-30,102064.64917215511
2027-07-01,53323.93210774202
2027-07-02,85082.86450646272
2027-07-03,56377.107362393275
2027-07-04,52555.29079872252
2027-07-05,82607.25177349766
2027-07-06,87953.07672257643
2027-07-07,94316.53613331253
2027-07-08,74013.09608235017
2027-07-09,82626.04184935715
2027-07-10,54030.63534035554
2027-07-11,49604.850903204555
2027-07-12,76472.72472568159
2027-07-13,81336.00824467457
2027-07-14,79318.09132201529
2027-07-15,74555.10371130142
2027-07-16,72745.41521635243
2027-07-17,48456.153722541574
2027-07-18,45389.257502910914
2027-07-19,71682.16572233244
2027-07-20,78145.60386762596
2027-07-21,76224.45608434502
2027-07-22,73595.57811372295
2027-07-23,71718.54940925144
2027-07-24,47758.63885786119
2027-07-25,45587.214494249056
2027-07-26,73555.53292781285
2027-07-27,79883.01466924691
2027-07-28,76881.87467678488
2027-07-29,73190.69775845339
2027-07-30,71411.74536579024
2027-07-31,72201.71731875399
